Title,Winner,Ali_File,Ali_Score,Chris_File,Chris_Score,Action,Deleted_Path,Reason
The Wizard of Oz (1939),ali,The Wizard of Oz (1939) {tmdb-630} - [Remux-2160p][DTS-HD MA 5.1][DV HDR10Plus][HEVC]-FraMeSToR.mkv,7600,,0,COPY Ali → Chris,,Only Ali has this file
The Greatest Showman (2017),ali,The Greatest Showman (2017) {tmdb-316029} - [Bluray-2160p][TrueHD Atmos 7.1][DV HDR10][x265]-SPHD.mkv,7200,,0,COPY Ali → Chris,,Only Ali has this file
The Martian (2015),ali,The Martian (2015) {tmdb-286217} - {edition-Extended Cut} [Bluray-2160p][TrueHD Atmos 7.1][HDR10][x265]-CtrlHD.mkv,7100,,0,COPY Ali → Chris,,Only Ali has this file
Blade Runner (1982),ali,Blade Runner (1982) {tmdb-78} - {edition-Final Cut} [Remux-2160p][TrueHD Atmos 7.1][HDR10][HEVC]-FraMeSToR.mkv,7600,,0,COPY Ali → Chris,,Only Ali has this file
Pitch Black (2000),ali,Pitch Black (2000) {tmdb-2787} - {edition-Director's Cut} [Remux-2160p][TrueHD Atmos 7.1][DV HDR10][HEVC]-FraMeSToR.mkv,7700,,0,COPY Ali → Chris,,Only Ali has this file
Zack Snyders Justice League (2021),ali,Zack Snyders Justice League (2021) {tmdb-791373} - [Bluray-2160p][TrueHD Atmos 7.1][DV HDR10][x265]-W4NK3R.mkv,7200,,0,COPY Ali → Chris,,Only Ali has this file
Master and Commander The Far Side of the World (2003),ali,Master and Commander The Far Side of the World (2003) {tmdb-8619} - [Bluray-2160p][TrueHD Atmos 7.1][DV HDR10][x265]-SPHD.mkv,7200,,0,COPY Ali → Chris,,Only Ali has this file
Total Recall (1990),ali,Total Recall (1990) {tmdb-861} - [Remux-2160p][TrueHD Atmos 7.1][DV HDR10][HEVC]-FraMeSToR.mkv,7700,,0,COPY Ali → Chris,,Only Ali has this file
Guardians of the Galaxy Vol. 2 (2017),ali,Guardians of the Galaxy Vol. 2 (2017) {tmdb-283995} - [Bluray-2160p][TrueHD Atmos 7.1][DV HDR10][x265]-SPHD.mkv,7200,,0,COPY Ali → Chris,,Only Ali has this file
Wicked (2024),ali,Wicked (2024) {tmdb-402431} - [Bluray-2160p][TrueHD Atmos 7.1][DV HDR10][x265]-MainFrame.mkv,7200,,0,COPY Ali → Chris,,Only Ali has this file
Black Panther Wakanda Forever (2022),ali,Black Panther Wakanda Forever (2022) {tmdb-505642} - [Bluray-2160p][TrueHD Atmos 7.1][DV HDR10][x265]-W4NK3R.mkv,7200,,0,COPY Ali → Chris,,Only Ali has this file
Dracula (1992),ali,Bram Stokers Dracula (1992) {tmdb-6114} - [Remux-2160p][TrueHD Atmos 7.1][DV HDR10][HEVC]-FraMeSToR.mkv,7700,,0,COPY Ali → Chris,,Only Ali has this file
Pulp Fiction (1994),ali,Pulp Fiction (1994) {tmdb-680} - [Bluray-2160p][DTS-HD MA 5.1][DV HDR10][x265]-W4NK3R.mkv,7100,,0,COPY Ali → Chris,,Only Ali has this file
Star Trek VI The Undiscovered Country (1991),ali,Star Trek VI The Undiscovered Country (1991) {tmdb-174} - {edition-Theatrical Cut} [Bluray-2160p][EAC3 7.1][DV HDR10][x265]-hallowed.mkv,6795,,0,COPY Ali → Chris,,Only Ali has this file
Bumblebee (2018),ali,Bumblebee (2018) {tmdb-424783} - [Bluray-2160p][TrueHD Atmos 7.1][DV HDR10][x265]-MainFrame.mkv,7200,,0,COPY Ali → Chris,,Only Ali has this file
The Hobbit An Unexpected Journey (2012),ali,The Hobbit An Unexpected Journey (2012) {tmdb-49051} - {edition-Extended Cut} [Remux-2160p][TrueHD Atmos 7.1][DV HDR10][HEVC]-FraMeSToR.mkv,7700,,0,COPY Ali → Chris,,Only Ali has this file
Willy Wonka and the Chocolate Factory (1971),ali,Willy Wonka and the Chocolate Factory (1971) {tmdb-252} - [Bluray-2160p][DTS-HD MA 5.1][DV HDR10][x265]-MainFrame.mkv,7100,,0,COPY Ali → Chris,,Only Ali has this file
Apocalypse Now (1979),ali,Apocalypse Now (1979) {tmdb-28} - {edition-Theatrical Cut} [Bluray-2160p][TrueHD Atmos 7.1][DV HDR10][x265]-W4NK3R.mkv,7200,,0,COPY Ali → Chris,,Only Ali has this file
Iron Man (2008),ali,Iron Man (2008) {tmdb-1726} - [Bluray-2160p][TrueHD Atmos 7.1][DV HDR10][x265]-MainFrame.mkv,7200,,0,COPY Ali → Chris,,Only Ali has this file
Spider-Man No Way Home (2021),ali,Spider-Man No Way Home (2021) {tmdb-634649} - [Bluray-2160p Proper][TrueHD Atmos 7.1][DV HDR10][x265]-W4NK3R.mkv,7200,,0,COPY Ali → Chris,,Only Ali has this file
Captain Marvel (2019),ali,Captain Marvel (2019) {tmdb-299537} - [Bluray-2160p][TrueHD Atmos 7.1][DV HDR10][x265]-W4NK3R.mkv,7200,,0,COPY Ali → Chris,,Only Ali has this file
Captain America Brave New World (2025),ali,Captain America Brave New World (2025) {tmdb-822119} - [Bluray-2160p][TrueHD Atmos 7.1][DV HDR10Plus][x265]-MainFrame.mkv,7200,,0,COPY Ali → Chris,,Only Ali has this file
Oppenheimer (2023),ali,Oppenheimer (2023) {tmdb-872585} - [Bluray-2160p][DTS-HD MA 5.1][DV HDR10][x265]-MainFrame.mkv,7100,,0,COPY Ali → Chris,,Only Ali has this file
Edge of Tomorrow (2014),ali,Edge of Tomorrow (2014) {tmdb-137113} - [Bluray-2160p][TrueHD Atmos 7.1][DV HDR10][x265]-SPHD.mkv,7200,,0,COPY Ali → Chris,,Only Ali has this file
Godzilla Minus One (2023),ali,Godzilla Minus One (2023) {tmdb-940721} - [Bluray-2160p][TrueHD Atmos 7.1][DV HDR10][x265]-W4NK3R.mkv,7200,,0,COPY Ali → Chris,,Only Ali has this file
The Chronicles of Riddick (2004),ali,The Chronicles of Riddick (2004) {tmdb-2789} - {edition-Director's Cut} [Bluray-2160p][DTS-HD MA 5.1][DV HDR10][x265]-SPHD.mkv,7100,,0,COPY Ali → Chris,,Only Ali has this file
Jungle Cruise (2021),ali,Jungle Cruise (2021) {tmdb-451048} - [Bluray-2160p][AC3 5.1][HDR10][x265]-BHDStudio.mp4,6646,,0,COPY Ali → Chris,,Only Ali has this file
Eternals (2021),ali,Eternals (2021) {tmdb-524434} - [Bluray-2160p][TrueHD Atmos 7.1][DV HDR10][x265]-W4NK3R.mkv,7200,,0,COPY Ali → Chris,,Only Ali has this file
The Revenant (2015),ali,The Revenant (2015) {tmdb-281957} - {edition-Open Matte} [Remux-2160p][TrueHD Atmos 7.1][DV HDR10Plus][h265]-Benflix.mkv,7700,,0,COPY Ali → Chris,,Only Ali has this file
Captain America The First Avenger (2011),ali,Captain America The First Avenger (2011) {tmdb-1771} - [Bluray-2160p][TrueHD Atmos 7.1][DV HDR10][x265]-KeYBLaDE.mkv,7200,,0,COPY Ali → Chris,,Only Ali has this file
Cars 2 (2011),ali,Cars 2 (2011) {tmdb-49013} - [Bluray-2160p][TrueHD Atmos 7.1][HDR10][x265]-CtrlHD.mkv,7100,,0,COPY Ali → Chris,,Only Ali has this file
The Lord of the Rings The Return of the King (2003),ali,The Lord of the Rings The Return of the King (2003) {tmdb-122} - {edition-Extended} [Remux-2160p][TrueHD Atmos 7.1][DV HDR10][HEVC]-FraMeSToR.mkv,7700,,0,COPY Ali → Chris,,Only Ali has this file
Star Trek Beyond (2016),ali,Star Trek Beyond (2016) {tmdb-188927} - [Bluray-2160p][TrueHD Atmos 7.1][DV HDR10][x265]-SPHD.mkv,7200,,0,COPY Ali → Chris,,Only Ali has this file
V for Vendetta (2005),ali,V for Vendetta (2006) {tmdb-752} - [Hybrid][Remux-2160p][TrueHD Atmos 7.1][DV HDR10][HEVC]-FraMeSToR.mkv,7700,,0,COPY Ali → Chris,,Only Ali has this file
Thor The Dark World (2013),ali,Thor The Dark World (2013) {tmdb-76338} - [Bluray-2160p][TrueHD Atmos 7.1][HDR10][x265]-HQMUX.mkv,7100,,0,COPY Ali → Chris,,Only Ali has this file
The Matrix (1999),ali,The Matrix (1999) {tmdb-603} - [Bluray-2160p][TrueHD Atmos 7.1][DV HDR10][x265]-W4NK3R.mkv,7200,,0,COPY Ali → Chris,,Only Ali has this file
Saving Private Ryan (1998),ali,Saving Private Ryan (1998) {tmdb-857} - [Bluray-2160p][TrueHD Atmos 7.1][HDR10][x265]-HQMUX.mkv,7100,,0,COPY Ali → Chris,,Only Ali has this file
The Mummy (1999),ali,The Mummy (1999) {tmdb-564} - [Bluray-2160p][DTS-X 7.1][HDR10][x265]-IAMABLE.mkv,7000,,0,COPY Ali → Chris,,Only Ali has this file
Brotherhood of the Wolf (2001),ali,Brotherhood of the Wolf (2001) {tmdb-6312} - [Bluray-2160p][TrueHD Atmos 7.1][DV HDR10][x265]-SPHD.mkv,7200,,0,COPY Ali → Chris,,Only Ali has this file
Star Trek Nemesis (2002) {imdb-tt0253754},ali,Star Trek Nemesis (2002) {tmdb-201} - [Bluray-2160p][TrueHD 7.1][DV HDR10][x265]-SPHD.mkv,7150,,0,COPY Ali → Chris,,Only Ali has this file
The Lost World Jurassic Park (1997),ali,The Lost World Jurassic Park (1997) {tmdb-330} - [Bluray-2160p][TrueHD Atmos 7.1][DV HDR10][x265]-HiDt.mkv,7200,,0,COPY Ali → Chris,,Only Ali has this file
John Wick Chapter 2 (2017),ali,John Wick Chapter 2 (2017) {tmdb-324552} - [Bluray-2160p][TrueHD Atmos 7.1][DV HDR10][x265]-SPHD.mkv,7200,,0,COPY Ali → Chris,,Only Ali has this file
Cars 3 (2017),ali,Cars 3 (2017) {tmdb-260514} - [Bluray-2160p][TrueHD Atmos 7.1][HDR10][x265]-CtrlHD.mkv,7100,,0,COPY Ali → Chris,,Only Ali has this file
Riddick (2013),ali,Riddick (2013) {tmdb-87421} - {edition-Director's Cut} [Bluray-2160p][DTS-HD MA 5.1][DV HDR10][x265]-SPHD.mkv,7100,,0,COPY Ali → Chris,,Only Ali has this file
Dawn of the Planet of the Apes (2014),ali,Dawn of the Planet of the Apes (2014) {tmdb-119450} - [Bluray-2160p][EAC3 7.1][DV HDR10][x265]-hallowed.mkv,6803,,0,COPY Ali → Chris,,Only Ali has this file
Guardians of the Galaxy (2014),ali,Guardians of the Galaxy (2014) {tmdb-118340} - [Bluray-2160p][TrueHD Atmos 7.1][DV HDR10][x265]-SPHD.mkv,7200,,0,COPY Ali → Chris,,Only Ali has this file
Rocketman (2019),ali,Rocketman (2019) {tmdb-504608} - [Bluray-2160p][EAC3 7.1][DV HDR10][x265]-HONE.mkv,6803,,0,COPY Ali → Chris,,Only Ali has this file
The Hunger Games Mockingjay - Part 1 (2014),ali,The Hunger Games Mockingjay Part 1 (2014) {tmdb-131631} - [Bluray-2160p][TrueHD Atmos 7.1][DV HDR10][x265]-MainFrame.mkv,7200,,0,COPY Ali → Chris,,Only Ali has this file
Venom The Last Dance (2024),ali,Venom The Last Dance (2024) {tmdb-912649} - [Bluray-2160p][TrueHD Atmos 7.1][DV HDR10Plus][x265]-MainFrame.mkv,7200,,0,COPY Ali → Chris,,Only Ali has this file
Godzilla King of the Monsters (2019),ali,Godzilla King of the Monsters (2019) {tmdb-373571} - [Bluray-2160p][TrueHD Atmos 7.1][HDR10][x265]-HDChina.mkv,7100,,0,COPY Ali → Chris,,Only Ali has this file
The Lion King (1994),ali,The Lion King (1994) {tmdb-8587} - [Bluray-2160p][TrueHD Atmos 7.1][DV HDR10][x265]-MainFrame.mkv,7190,,0,COPY Ali → Chris,,Only Ali has this file
Ant-Man and the Wasp Quantumania (2023),ali,Ant-Man and the Wasp Quantumania (2023) {tmdb-640146} - [Bluray-2160p][TrueHD Atmos 7.1][DV HDR10][x265]-SPHD.mkv,7200,,0,COPY Ali → Chris,,Only Ali has this file
Tron (1982),ali,Tron (1982) {tmdb-97} - [Bluray-2160p][TrueHD Atmos 7.1][DV HDR10][x265]-SPx.mkv,7150,,0,COPY Ali → Chris,,Only Ali has this file
Star Trek III The Search for Spock (1984),ali,Star Trek III The Search for Spock (1984) {tmdb-157} - [Bluray-2160p Proper][EAC3 7.1][DV HDR10][x265]-hallowed.mkv,6788,,0,COPY Ali → Chris,,Only Ali has this file
John Wick (2014),ali,John Wick (2014) {tmdb-245891} - [Bluray-2160p][TrueHD Atmos 7.1][DV HDR10][x265]-SPHD.mkv,7200,,0,COPY Ali → Chris,,Only Ali has this file
Man of Steel (2013),ali,Man of Steel (2013) {tmdb-49521} - [Bluray-2160p][TrueHD Atmos 7.1][DV HDR10][x265]-SPHD.mkv,7200,,0,COPY Ali → Chris,,Only Ali has this file
John Wick Chapter 3 Parabellum (2019),ali,John Wick Chapter 3 Parabellum (2019) {tmdb-458156} - [Bluray-2160p][TrueHD Atmos 7.1][HDR10][x265]-CtrlHD.mkv,7100,,0,COPY Ali → Chris,,Only Ali has this file
Wonder Woman 1984 (2020),ali,Wonder Woman 1984 (2020) {tmdb-464052} - {edition-IMAX} [Bluray-2160p][TrueHD Atmos 7.1][DV HDR10Plus][x265]-W4NK3R.mkv,7200,,0,COPY Ali → Chris,,Only Ali has this file
Napoleon (2023),ali,Napoleon (2023) {tmdb-753342} - {edition-Directors Cut} [ATVP][WEBDL-2160p][EAC3 Atmos 5.1][DV HDR10Plus][h265]-FLUX.mkv,6700,,0,COPY Ali → Chris,,Only Ali has this file
The Matrix Revolutions (2003),ali,The Matrix Revolutions (2003) {tmdb-605} - [Bluray-2160p][TrueHD Atmos 7.1][DV HDR10][x265]-W4NK3R.mkv,7200,,0,COPY Ali → Chris,,Only Ali has this file
300 (2006),ali,300 (2007) {tmdb-1271} - [Hybrid][Remux-2160p][TrueHD Atmos 7.1][DV HDR10][HEVC]-FraMeSToR.mkv,7700,,0,COPY Ali → Chris,,Only Ali has this file
The Empire Strikes Back (1980),ali,The Empire Strikes Back (1980) {tmdb-1891} - [Bluray-2160p][TrueHD Atmos 7.1][HDR10][x265]-HQMUX.mkv,7100,,0,COPY Ali → Chris,,Only Ali has this file
The Hunger Games Catching Fire (2013),ali,The Hunger Games Catching Fire (2013) {tmdb-101299} - [Bluray-2160p][TrueHD Atmos 7.1][DV HDR10][x265]-MainFrame.mkv,7200,,0,COPY Ali → Chris,,Only Ali has this file
Iron Man 3 (2013),ali,Iron Man 3 (2013) {tmdb-68721} - [Bluray-2160p][TrueHD Atmos 7.1][DV HDR10][x265]-MainFrame.mkv,7187,,0,COPY Ali → Chris,,Only Ali has this file
The Spy Who Loved Me (1977),ali,The Spy Who Loved Me (1977) {tmdb-691} - [WEBDL-2160p][DTS-HD MA 5.1][h265]-DEFLATE.mkv,5774,,0,COPY Ali → Chris,,Only Ali has this file
Godzilla vs. Kong (2021),ali,Godzilla vs. Kong (2021) {tmdb-399566} - [Bluray-2160p][TrueHD Atmos 7.1][DV HDR10Plus][x265]-W4NK3R.mkv,7200,,0,COPY Ali → Chris,,Only Ali has this file
The Shawshank Redemption (1994),ali,The Shawshank Redemption (1994) {tmdb-278} - [Bluray-2160p][EAC3 5.1][DV HDR10][x265]-hallowed.mkv,6817,,0,COPY Ali → Chris,,Only Ali has this file
Highlander (1986),ali,Highlander (1986) {tmdb-8009} - [Bluray-2160p][DTS-HD MA 5.1][DV HDR10][x265]-W4NK3R.mkv,7100,,0,COPY Ali → Chris,,Only Ali has this file
Zombieland Double Tap (2019),ali,Zombieland Double Tap (2019) {tmdb-338967} - [Bluray-2160p][DTS-X 7.1][DV HDR10][x265]-MainFrame.mkv,7076,,0,COPY Ali → Chris,,Only Ali has this file
The Super Mario Bros. Movie (2023),ali,The Super Mario Bros. Movie (2023) {tmdb-502356} - [Bluray-2160p][TrueHD Atmos 7.1][DV HDR10][x265]-W4NK3R.mkv,7200,,0,COPY Ali → Chris,,Only Ali has this file
Black Adam (2022),ali,Black Adam (2022) {tmdb-436270} - [Bluray-2160p][TrueHD Atmos 7.1][DV HDR10][x265]-SPHD.mkv,7200,,0,COPY Ali → Chris,,Only Ali has this file
Avatar The Way of Water (2022),ali,Avatar The Way of Water (2022) {tmdb-76600} - [Bluray-2160p][TrueHD Atmos 7.1][HDR10][x265]-W4NK3R.mkv,7100,,0,COPY Ali → Chris,,Only Ali has this file
Star Trek The Motion Picture (1979),ali,Star Trek The Motion Picture (1979) {tmdb-152} - [Bluray-2160p][TrueHD Atmos 7.1][DV][x265]-VD0N.mkv,6800,,0,COPY Ali → Chris,,Only Ali has this file
Terminator Dark Fate (2019),ali,Terminator Dark Fate (2019) {tmdb-290859} - [Bluray-2160p Proper][TrueHD Atmos 7.1][DV HDR10][x265]-DON.mkv,7200,,0,COPY Ali → Chris,,Only Ali has this file
Pacific Rim Uprising (2018),ali,Pacific Rim Uprising (2018) {tmdb-268896} - [Bluray-2160p][TrueHD Atmos 7.1][DV HDR10][x265]-W4NK3R.mkv,7200,,0,COPY Ali → Chris,,Only Ali has this file
Kingdom of the Planet of the Apes (2024),ali,Kingdom of the Planet of the Apes (2024) {tmdb-653346} - [Bluray-2160p][TrueHD Atmos 7.1][DV HDR10Plus][x265]-W4NK3R.mkv,7200,,0,COPY Ali → Chris,,Only Ali has this file
The Fantastic 4 First Steps (2025),ali,The Fantastic 4 First Steps (2025) {tmdb-617126} - [Bluray-2160p][TrueHD Atmos 7.1][DV HDR10][x265]-SPx.mkv,7200,,0,COPY Ali → Chris,,Only Ali has this file
Cars (2006),ali,Cars (2006) {tmdb-920} - [Bluray-2160p][TrueHD Atmos 7.1][HDR10][x265]-CtrlHD.mkv,7100,,0,COPY Ali → Chris,,Only Ali has this file
Captain Marvel 2 (2022),ali,The Marvels (2023) {tmdb-609681} - [Bluray-2160p][TrueHD Atmos 7.1][DV HDR10][x265]-W4NK3R.mkv,7200,,0,COPY Ali → Chris,,Only Ali has this file
Heat (1995),ali,Heat (1995) {tmdb-949} - [Remux-2160p][DTS-HD MA 5.1][HDR10][HEVC]-FraMeSToR.mkv,7500,,0,COPY Ali → Chris,,Only Ali has this file
Hacksaw Ridge (2016),ali,Hacksaw Ridge (2016) {tmdb-324786} - [Bluray-2160p][TrueHD Atmos 7.1][DV HDR10][x265]-MainFrame.mkv,7200,,0,COPY Ali → Chris,,Only Ali has this file
Jurassic Park (1993),ali,Jurassic Park (1993) {tmdb-329} - [Bluray-2160p][TrueHD Atmos 7.1][DV HDR10][x265]-HiDt.mkv,7200,,0,COPY Ali → Chris,,Only Ali has this file
Gladiator II (2024),ali,Gladiator II (2024) {tmdb-558449} - [Remux-2160p][TrueHD Atmos 7.1][DV HDR10][HEVC]-FraMeSToR.mkv,7700,,0,COPY Ali → Chris,,Only Ali has this file
Kong Skull Island (2017),ali,Kong Skull Island (2017) {tmdb-293167} - [Bluray-2160p][TrueHD Atmos 7.1][HDR10][x265]-HQMUX.mkv,7100,,0,COPY Ali → Chris,,Only Ali has this file
Blade Runner 2049 (2017),ali,Blade Runner 2049 (2017) {tmdb-335984} - [Hybrid][Remux-2160p][TrueHD Atmos 7.1][HDR10][HEVC]-FraMeSToR.mkv,7600,,0,COPY Ali → Chris,,Only Ali has this file
The Godfather Part II (1974),ali,The Godfather Part II (1974) {tmdb-240} - [Bluray-2160p][TrueHD 5.1][DV HDR10][x265]-SPHD.mkv,7150,,0,COPY Ali → Chris,,Only Ali has this file
Venom Let There Be Carnage (2021),ali,Venom Let There Be Carnage (2021) {tmdb-580489} - [Bluray-2160p][TrueHD Atmos 7.1][DV HDR10][x265]-W4NK3R.mkv,7200,,0,COPY Ali → Chris,,Only Ali has this file
Mortal Kombat (2021),ali,Mortal Kombat (2021) {tmdb-460465} - [Bluray-2160p][TrueHD Atmos 7.1][HDR10][x265]-HQMUX.mkv,7100,,0,COPY Ali → Chris,,Only Ali has this file
The Mummy Returns (2001),ali,The Mummy Returns (2001) {tmdb-1734} - [Bluray-2160p][DTS-X 7.1][HDR10][x265]-CtrlHD.mkv,7000,,0,COPY Ali → Chris,,Only Ali has this file
The Terminator (1984),ali,The Terminator (1984) {tmdb-218} - [Bluray-2160p][TrueHD Atmos 7.1][DV HDR10][x265]-SPHD.mkv,7200,,0,COPY Ali → Chris,,Only Ali has this file
Black Widow (2021),ali,Black Widow (2021) {tmdb-497698} - [Bluray-2160p Proper][TrueHD Atmos 7.1][DV HDR10][x265]-W4NK3R.mkv,7200,,0,COPY Ali → Chris,,Only Ali has this file
Star Trek (2009),ali,Star Trek (2009) {tmdb-13475} - [Bluray-2160p][TrueHD Atmos 7.1][HDR10][x265]-CtrlHD.mkv,7100,,0,COPY Ali → Chris,,Only Ali has this file
Kingdom of Heaven (2005),ali,Kingdom of Heaven (2005) {tmdb-1495} - {edition-Director's Cut} [Bluray-2160p][TrueHD Atmos 7.1][DV HDR10][x265]-SPHD.mkv,7200,,0,COPY Ali → Chris,,Only Ali has this file
The Godfather (1972),ali,The Godfather (1972) {tmdb-238} - [Bluray-2160p][TrueHD 5.1][DV HDR10][x265]-SPHD.mkv,7150,,0,COPY Ali → Chris,,Only Ali has this file
Captain America Civil War (2016),ali,Captain America Civil War (2016) {tmdb-271110} - [Bluray-2160p][TrueHD Atmos 7.1][HDR10][x265]-W4NK3R.mkv,7100,,0,COPY Ali → Chris,,Only Ali has this file
The Lion King (2019),ali,The Lion King (2019) {tmdb-420818} - [Bluray-2160p][EAC3 7.1][DV HDR10][x265]-BHDStudio.mp4,6788,,0,COPY Ali → Chris,,Only Ali has this file
Venom (2018),ali,Venom (2018) {tmdb-335983} - [Bluray-2160p][TrueHD Atmos 7.1][DV HDR10][x265]-W4NK3R.mkv,7190,,0,COPY Ali → Chris,,Only Ali has this file
Shazam! (2019),ali,Shazam! (2019) {tmdb-287947} - [Bluray-2160p][TrueHD Atmos 7.1][DV HDR10][x265]-W4NK3R.mkv,7200,,0,COPY Ali → Chris,,Only Ali has this file
The Godfather Part III (1990),ali,The Godfather Part III (1990) {tmdb-242} - {edition-Directors Cut} [Bluray-2160p][TrueHD 5.1][DV HDR10][x265]-SPHD.mkv,7150,,0,COPY Ali → Chris,,Only Ali has this file
A Beautiful Planet (2016),ali,A Beautiful Planet (2016) {tmdb-365997} - [Remux-2160p][DTS-X 7.1][HDR10Plus][HEVC]-FraMeSToR.mkv,7473,,0,COPY Ali → Chris,,Only Ali has this file
Bohemian Rhapsody (2018),ali,Bohemian Rhapsody (2018) {tmdb-424694} - [Bluray-2160p][TrueHD Atmos 7.1][HDR10Plus][x265]-W4NK3R.mkv,7100,,0,COPY Ali → Chris,,Only Ali has this file
Thor Ragnarok (2017),ali,Thor Ragnarok (2017) {tmdb-284053} - [Hybrid][Bluray-2160p][TrueHD Atmos 7.1][DV HDR10][x265]-LEGi0N.mkv,7200,,0,COPY Ali → Chris,,Only Ali has this file
Mission Impossible 8 (2025),ali,Mission Impossible The Final Reckoning (2025) {tmdb-575265} - {edition-IMAX} [Bluray-2160p][TrueHD Atmos 7.1][DV HDR10Plus][x265]-SPHD.mkv,7200,,0,COPY Ali → Chris,,Only Ali has this file
Spider-Man Homecoming (2017),ali,Spider-Man Homecoming (2017) {tmdb-315635} - [Bluray-2160p][TrueHD Atmos 7.1][DV HDR10][x265]-W4NK3R.mkv,7200,,0,COPY Ali → Chris,,Only Ali has this file
Wonder Woman (2017),ali,Wonder Woman (2017) {tmdb-297762} - [Bluray-2160p][TrueHD Atmos 7.1][DV HDR10][x265]-MainFrame.mkv,7200,,0,COPY Ali → Chris,,Only Ali has this file
The Hunger Games Mockingjay - Part 2 (2015),ali,The Hunger Games Mockingjay Part 2 (2015) {tmdb-131634} - [Bluray-2160p][TrueHD Atmos 7.1][DV HDR10][x265]-MainFrame.mkv,7200,,0,COPY Ali → Chris,,Only Ali has this file
Shazam! Fury of the Gods (2023),ali,Shazam! Fury of the Gods (2023) {tmdb-594767} - [Bluray-2160p][TrueHD Atmos 7.1][DV HDR10][x265]-W4NK3R.mkv,7200,,0,COPY Ali → Chris,,Only Ali has this file
Star Trek First Contact (1996),ali,Star Trek First Contact (1996) {tmdb-199} - [Bluray-2160p][TrueHD 7.1][DV HDR10][x265]-SPHD.mkv,7150,,0,COPY Ali → Chris,,Only Ali has this file
Guardians of the Galaxy Vol. 3 (2023),ali,Guardians of the Galaxy Vol. 3 (2023) {tmdb-447365} - {edition-IMAX} [Bluray-2160p][TrueHD Atmos 7.1][DV HDR10][x265]-SPHD.mkv,7200,,0,COPY Ali → Chris,,Only Ali has this file
Passengers (2016),ali,Passengers (2016) {tmdb-274870} - [Hybrid][Remux-2160p][TrueHD Atmos 7.1][DV HDR10][HEVC]-FraMeSToR.mkv,7700,,0,COPY Ali → Chris,,Only Ali has this file
Indiana Jones and the Temple of Doom (1984),ali,Indiana Jones and the Temple of Doom (1984) {tmdb-87} - [Bluray-2160p][TrueHD Atmos 7.1][DV HDR10][x265]-W4NK3R.mkv,7200,,0,COPY Ali → Chris,,Only Ali has this file
Alita Battle Angel (2019),ali,Alita Battle Angel (2019) {tmdb-399579} - [Bluray-2160p Proper][TrueHD Atmos 7.1][HDR10Plus][x265]-DON.mkv,7100,,0,COPY Ali → Chris,,Only Ali has this file
The Dark Knight Rises (2012),ali,The Dark Knight Rises (2012) {tmdb-49026} - [Hybrid][Remux-2160p][DTS-HD MA 5.1][DV HDR10][HEVC]-FraMeSToR.mkv,7600,,0,COPY Ali → Chris,,Only Ali has this file
Ant-Man (2015),ali,Ant-Man (2015) {tmdb-102899} - [Bluray-2160p][TrueHD Atmos 7.1][DV HDR10][x265]-W4NK3R.mkv,7178,,0,COPY Ali → Chris,,Only Ali has this file
Raiders of the Lost Ark (1981),ali,Raiders of the Lost Ark (1981) {tmdb-85} - [Bluray-2160p][TrueHD Atmos 7.1][DV HDR10][x265]-W4NK3R.mkv,7200,,0,COPY Ali → Chris,,Only Ali has this file
Star Trek V The Final Frontier (1989),ali,Star Trek V The Final Frontier (1989) {tmdb-172} - [Bluray-2160p][EAC3 7.1][DV HDR10][x265]-hallowed.mkv,6790,,0,COPY Ali → Chris,,Only Ali has this file
Mission Impossible Fallout (2018),ali,Mission Impossible Fallout (2018) {tmdb-353081} - {edition-IMAX} [Bluray-2160p][TrueHD Atmos 7.1][DV HDR10][x265]-SPHD.mkv,7200,,0,COPY Ali → Chris,,Only Ali has this file
Captain America The Winter Soldier (2014),ali,Captain America The Winter Soldier (2014) {tmdb-100402} - [Bluray-2160p][TrueHD Atmos 7.1][HDR10][x265]-W4NK3R.mkv,7100,,0,COPY Ali → Chris,,Only Ali has this file
Star Trek IV The Voyage Home (1986),ali,Star Trek IV The Voyage Home (1986) {tmdb-168} - [Bluray-2160p Proper][EAC3 7.1][DV HDR10][x265]-hallowed.mkv,6806,,0,COPY Ali → Chris,,Only Ali has this file
Extraction (2020),ali,Extraction (2020) {tmdb-545609} - [NF][WEBDL-2160p][EAC3 Atmos 5.1][DV HDR10][HEVC]-SiC.mkv,6630,,0,COPY Ali → Chris,,Only Ali has this file
John Wick Chapter 4 (2022),ali,John Wick Chapter 4 (2023) {tmdb-603692} - [Bluray-2160p][TrueHD Atmos 7.1][DV HDR10][x265]-SPHD.mkv,7200,,0,COPY Ali → Chris,,Only Ali has this file
Furious 7 (2015),ali,Furious 7 (2015) {tmdb-168259} - {edition-Extended} [Bluray-2160p][DTS-HD HRA 7.1][HDR10][x265]-CtrlHD.mkv,6950,,0,COPY Ali → Chris,,Only Ali has this file
Uncharted (2022),ali,Uncharted (2022) {tmdb-335787} - [Bluray-2160p][TrueHD Atmos 7.1][DV HDR10][x265]-W4NK3R.mkv,7200,,0,COPY Ali → Chris,,Only Ali has this file
The Batman (2022),ali,The Batman (2022) {tmdb-414906} - [Bluray-2160p][TrueHD Atmos 7.1][DV HDR10Plus][x265]-MainFrame.mkv,7200,,0,COPY Ali → Chris,,Only Ali has this file
The Dark Knight (2008),ali,The Dark Knight (2008) {tmdb-155} - [Hybrid][Remux-2160p][TrueHD 5.1][DV HDR10][HEVC]-FraMeSToR.mkv,7650,,0,COPY Ali → Chris,,Only Ali has this file
The Hunger Games (2012),ali,The Hunger Games (2012) {tmdb-70160} - [Bluray-2160p][TrueHD Atmos 7.1][DV HDR10][x265]-MainFrame.mkv,7200,,0,COPY Ali → Chris,,Only Ali has this file
Star Trek Generations (1994) {imdb-tt0111280},ali,Star Trek Generations (1994) {tmdb-193} - [Bluray-2160p][TrueHD 7.1][DV HDR10][x265]-SPHD.mkv,7150,,0,COPY Ali → Chris,,Only Ali has this file
Mission Impossible Dead Reckoning Part One (2023),ali,Mission Impossible Dead Reckoning Part One (2023) {tmdb-575264} - [Bluray-2160p][TrueHD Atmos 7.1][DV HDR10][x265]-W4NK3R.mkv,7200,,0,COPY Ali → Chris,,Only Ali has this file
Ready Player One (2018),ali,Ready Player One (2018) {tmdb-333339} - [Bluray-2160p][TrueHD Atmos 7.1][HDR10][x265]-HQMUX.mkv,7100,,0,COPY Ali → Chris,,Only Ali has this file
Blade (1998),ali,Blade (1998) {tmdb-36647} - [Bluray-2160p][TrueHD Atmos 7.1][DV HDR10][x265]-MainFrame.mkv,7200,,0,COPY Ali → Chris,,Only Ali has this file
Mission Impossible III (2006),ali,Mission Impossible III (2006) {tmdb-956} - [Bluray-2160p][TrueHD 5.1][DV HDR10][x265]-SPHD.mkv,7150,,0,COPY Ali → Chris,,Only Ali has this file
Deadpool 3 (2024),ali,Deadpool and Wolverine (2024) {tmdb-533535} - [Bluray-2160p][TrueHD Atmos 7.1][DV HDR10][x265]-W4NK3R.mkv,7200,,0,COPY Ali → Chris,,Only Ali has this file
Apollo 13 (1995),ali,Apollo 13 (1995) {tmdb-568} - [Remux-2160p][DTS-X 7.1][HDR10][HEVC]-Scrambled.mkv,7500,,0,COPY Ali → Chris,,Only Ali has this file
Life of Pi (2012),ali,Life of Pi (2012) {tmdb-87827} - [Remux-2160p][DTS-HD MA 7.1][HDR10][HEVC]-FraMeSToR.mkv,7500,,0,COPY Ali → Chris,,Only Ali has this file
The Matrix Reloaded (2003),ali,The Matrix Reloaded (2003) {tmdb-604} - [Bluray-2160p][TrueHD Atmos 7.1][DV HDR10][x265]-W4NK3R.mkv,7200,,0,COPY Ali → Chris,,Only Ali has this file
The Predator (2018),ali,The Predator (2018) {tmdb-346910} - [Hybrid][Remux-2160p][TrueHD Atmos 7.1][DV HDR10][HEVC]-FraMeSToR.mkv,7700,,0,COPY Ali → Chris,,Only Ali has this file
Twister (1996),ali,Twister (1996) {tmdb-664} - [Bluray-2160p][TrueHD Atmos 7.1][DV HDR10][x265]-MainFrame.mkv,7200,,0,COPY Ali → Chris,,Only Ali has this file
Coco (2017),ali,Coco (2017) {tmdb-354912} - [Hybrid][Remux-2160p][TrueHD Atmos 7.1][DV HDR10][HEVC]-FraMeSToR.mkv,7700,,0,COPY Ali → Chris,,Only Ali has this file
Thor (2011),ali,Thor (2011) {tmdb-10195} - [Bluray-2160p][TrueHD Atmos 7.1][DV HDR10][x265]-KeYBLaDE.mkv,7200,,0,COPY Ali → Chris,,Only Ali has this file
Lawrence of Arabia (1962),ali,Lawrence of Arabia (1962) {tmdb-947} - [Remux-2160p][TrueHD Atmos 7.1][HDR10][HEVC]-FraMeSToR.mkv,7600,,0,COPY Ali → Chris,,Only Ali has this file
Frankenstein (2025),ali,Frankenstein (2025) {tmdb-1062722} - [NF][WEBDL-2160p][EAC3 Atmos 5.1][DV HDR10][h265]-Kitsune.mkv,6700,,0,COPY Ali → Chris,,Only Ali has this file
Mission Impossible II (2000),ali,Mission Impossible II (2000) {tmdb-955} - [Bluray-2160p][TrueHD 5.1][DV HDR10][x265]-SPHD.mkv,7150,,0,COPY Ali → Chris,,Only Ali has this file
Iron Man 2 (2010),ali,Iron Man 2 (2010) {tmdb-10138} - [Bluray-2160p][TrueHD Atmos 7.1][DV HDR10][x265]-MainFrame.mkv,7200,,0,COPY Ali → Chris,,Only Ali has this file
Ad Astra (2019),ali,Ad Astra (2019) {tmdb-419704} - [Bluray-2160p][TrueHD Atmos 7.1][DV HDR10][x265]-KeYBLaDE.mkv,7200,,0,COPY Ali → Chris,,Only Ali has this file
The Fifth Element (1997),ali,The Fifth Element (1997) {tmdb-18} - [Bluray-2160p][TrueHD Atmos 7.1][DV HDR10][x265]-W4NK3R.mkv,7200,,0,COPY Ali → Chris,,Only Ali has this file
Aliens (1986),ali,Aliens (1986) {tmdb-679} - {edition-Special Edition} [Bluray-2160p][TrueHD Atmos 7.1][DV HDR10][x265]-W4NK3R.mkv,7200,,0,COPY Ali → Chris,,Only Ali has this file
Star Wars (1977),ali,Star Wars (1977) {tmdb-11} - [Hybrid][Bluray-2160p][TrueHD Atmos 7.1][DV HDR10][x265]-HiDt.mkv,7200,,0,COPY Ali → Chris,,Only Ali has this file
The Hobbit The Battle of the Five Armies (2014),ali,The Hobbit The Battle of the Five Armies (2014) {tmdb-122917} - {edition-Extended Cut} [Remux-2160p][TrueHD Atmos 7.1][DV HDR10][HEVC]-FraMeSToR.mkv,7700,,0,COPY Ali → Chris,,Only Ali has this file
Star Trek II The Wrath of Khan (1982),ali,Star Trek II The Wrath of Khan (1982) {tmdb-154} - {edition-Theatrical Cut} [Bluray-2160p Proper][EAC3 7.1][DV HDR10][x265]-hallowed.mkv,6799,,0,COPY Ali → Chris,,Only Ali has this file
Forrest Gump (1994),ali,Forrest Gump (1994) {tmdb-13} - [Bluray-2160p Proper][TrueHD Atmos 7.1][DV HDR10][x265]-W4NK3R.mkv,7200,,0,COPY Ali → Chris,,Only Ali has this file
Godzilla (2014),ali,Godzilla (2014) {tmdb-124905} - [Bluray-2160p][TrueHD Atmos 7.1][HDR10][x265]-HQMUX.mkv,7100,,0,COPY Ali → Chris,,Only Ali has this file
Avengers Infinity War (2018),ali,Avengers Infinity War (2018) {tmdb-299536} - [Hybrid][Remux-2160p][TrueHD Atmos 7.1][DV HDR10][HEVC]-FraMeSToR.mkv,7700,,0,COPY Ali → Chris,,Only Ali has this file
Civil War (2024),ali,Civil War (2024) {tmdb-929590} - [Bluray-2160p][TrueHD Atmos 7.1][DV HDR10Plus][x265]-MainFrame.mkv,7200,,0,COPY Ali → Chris,,Only Ali has this file
The Lord of the Rings The Two Towers (2002),ali,The Lord of the Rings The Two Towers (2002) {tmdb-121} - {edition-Extended} [Remux-2160p][TrueHD Atmos 7.1][DV HDR10][HEVC]-FraMeSToR.mkv,7700,,0,COPY Ali → Chris,,Only Ali has this file
Dunkirk (2017),ali,Dunkirk (2017) {tmdb-374720} - [Bluray-2160p][DTS-HD MA 5.1][DV HDR10][x265]-W4NK3R.mkv,7099,,0,COPY Ali → Chris,,Only Ali has this file
Extraction 2 (2023),ali,Extraction 2 (2023) {tmdb-697843} - [NF][WEBDL-2160p][EAC3 Atmos 5.1][DV HDR10][h265]-HONE.mkv,6670,,0,COPY Ali → Chris,,Only Ali has this file
Indiana Jones and the Dial of Destiny (2023),ali,Indiana Jones and the Dial of Destiny (2023) {tmdb-335977} - [Hybrid][Remux-2160p][TrueHD Atmos 7.1][DV HDR10][HEVC]-FraMeSToR.mkv,7700,,0,COPY Ali → Chris,,Only Ali has this file
Logan (2017),ali,Logan (2017) {tmdb-263115} - [Bluray-2160p][TrueHD Atmos 7.1][HDR10][x265]-CtrlHD.mkv,7095,,0,COPY Ali → Chris,,Only Ali has this file
Star Trek Insurrection (1998) {imdb-tt0120844},ali,Star Trek Insurrection (1998) {tmdb-200} - [Bluray-2160p][TrueHD 7.1][DV HDR10][x265]-SPHD.mkv,7150,,0,COPY Ali → Chris,,Only Ali has this file
The Hunt for Red October (1990),ali,The Hunt for Red October (1990) {tmdb-1669} - [Bluray-2160p][TrueHD 5.1][DV HDR10][x265]-W4NK3R.mkv,7150,,0,COPY Ali → Chris,,Only Ali has this file
Jaws (1975),ali,Jaws (1975) {tmdb-578} - [Bluray-2160p][TrueHD Atmos 7.1][HDR10][x265]-HQMUX.mkv,7100,,0,COPY Ali → Chris,,Only Ali has this file
Rise of the Planet of the Apes (2011),ali,Rise of the Planet of the Apes (2011) {tmdb-61791} - [Bluray-2160p][EAC3 5.1][DV HDR10][x265]-HONE.mkv,6830,,0,COPY Ali → Chris,,Only Ali has this file
The Lord of the Rings The Fellowship of the Ring (2001),ali,The Lord of the Rings The Fellowship of the Ring (2001) {tmdb-120} - {edition-Extended} [Remux-2160p][TrueHD Atmos 7.1][DV HDR10][HEVC]-FraMeSToR.mkv,7700,,0,COPY Ali → Chris,,Only Ali has this file
The Abyss (1989),ali,The Abyss (1989) {tmdb-2756} - {edition-Special Edition} [Bluray-2160p][TrueHD Atmos 7.1][DV HDR10][x265]-W4NK3R.mkv,7200,,0,COPY Ali → Chris,,Only Ali has this file
Blade II (2002),ali,Blade II (2002) {tmdb-36586} - [WEBDL-2160p][DTS-HD MA 7.1][DV HDR10][h265]-FLUX.mkv,6600,,0,COPY Ali → Chris,,Only Ali has this file
Mad Max Fury Road (2015),ali,Mad Max Fury Road (2015) {tmdb-76341} - [Hybrid][Remux-2160p Proper][TrueHD Atmos 7.1][DV HDR10][HEVC]-FraMeSToR.mkv,7700,,0,COPY Ali → Chris,,Only Ali has this file
Star Trek Into Darkness (2013),ali,Star Trek Into Darkness (2013) {tmdb-54138} - {edition-IMAX} [Hybrid][Remux-2160p][TrueHD Atmos 7.1][DV HDR10][HEVC]-Flights.mkv,7700,,0,COPY Ali → Chris,,Only Ali has this file
The Northman (2022),ali,The Northman (2022) {tmdb-639933} - [Bluray-2160p][TrueHD Atmos 7.1][DV HDR10][x265]-SPHD.mkv,7200,,0,COPY Ali → Chris,,Only Ali has this file
The Avengers (2012),ali,The Avengers (2012) {tmdb-24428} - [Hybrid][Remux-2160p][TrueHD Atmos 7.1][DV HDR10][HEVC]-FraMeSToR.mkv,7700,,0,COPY Ali → Chris,,Only Ali has this file
Batman v Superman Dawn of Justice (2016),ali,Batman v Superman Dawn of Justice (2016) {tmdb-209112} - {edition-Ultimate Edition IMAX} [Bluray-2160p][TrueHD Atmos 7.1][DV HDR10][x265]-W4NK3R.mkv,7200,,0,COPY Ali → Chris,,Only Ali has this file
Avengers Endgame (2019),ali,Avengers Endgame (2019) {tmdb-299534} - [Hybrid][Remux-2160p][TrueHD Atmos 7.1][DV HDR10][HEVC]-FraMeSToR.mkv,7700,,0,COPY Ali → Chris,,Only Ali has this file
2001 A Space Odyssey (1968),ali,2001 A Space Odyssey (1968) {tmdb-62} - [Remux-2160p Proper][DTS-HD MA 5.1][DV HDR10][HEVC]-FraMeSToR.mkv,7600,,0,COPY Ali → Chris,,Only Ali has this file
Braveheart (1995),ali,Braveheart (1995) {tmdb-197} - [Bluray-2160p][TrueHD Atmos 7.1][DV HDR10][x265]-MainFrame.mkv,7200,,0,COPY Ali → Chris,,Only Ali has this file
Earth One Amazing Day (2017),ali,Earth One Amazing Day (2017) {tmdb-464593} - [Remux-2160p][TrueHD Atmos 7.1][DV HDR10][HEVC]-FraMeSToR.mkv,7700,,0,COPY Ali → Chris,,Only Ali has this file
The Ten Commandments (1956),ali,The Ten Commandments (1956) {tmdb-6844} - [Remux-2160p][DTS-HD MA 5.1][DV HDR10][HEVC]-FraMeSToR.mkv,7600,,0,COPY Ali → Chris,,Only Ali has this file
Avengers Age of Ultron (2015),ali,Avengers Age of Ultron (2015) {tmdb-99861} - [Hybrid][Remux-2160p][TrueHD Atmos 7.1][DV HDR10][HEVC]-FraMeSToR.mkv,7700,,0,COPY Ali → Chris,,Only Ali has this file
The Phantom of the Opera (2004),ali,The Phantom of the Opera (2004) {tmdb-9833} - [Remux-2160p][DTS-HD MA 5.1][HDR10][HEVC]-FraMeSToR.mkv,7500,,0,COPY Ali → Chris,,Only Ali has this file
Mission Impossible Ghost Protocol (2011),ali,Mission Impossible Ghost Protocol (2011) {tmdb-56292} - [Bluray-2160p][TrueHD 7.1][HDR10][x265]-HQMUX.mkv,7050,,0,COPY Ali → Chris,,Only Ali has this file
TRON Ares (2025),ali,TRON Ares (2025) {tmdb-533533} - [Bluray-2160p][TrueHD Atmos 7.1][DV HDR10][x265]-SPx.mkv,7200,,0,COPY Ali → Chris,,Only Ali has this file
Inception (2010),ali,Inception (2010) {tmdb-27205} - [Bluray-2160p][DTS-HD MA 5.1][DV HDR10][x265]-MainFrame.mkv,7100,,0,COPY Ali → Chris,,Only Ali has this file
The Matrix Resurrections (2021),ali,The Matrix Resurrections (2021) {tmdb-624860} - [Bluray-2160p][TrueHD Atmos 7.1][DV HDR10][x265]-W4NK3R.mkv,7200,,0,COPY Ali → Chris,,Only Ali has this file
Fast & Furious 6 (2013),ali,Fast and Furious 6 (2013) {tmdb-82992} - {edition-Extended} [Bluray-2160p Proper][DTS-HD MA 5.1][HDR10][x265]-CtrlHD.mkv,7000,,0,COPY Ali → Chris,,Only Ali has this file
Gladiator (2000),ali,Gladiator (2000) {tmdb-98} - {edition-Extended Cut} [Remux-2160p][DTS-X 7.1][DV HDR10][HEVC]-FraMeSToR.mkv,7600,,0,COPY Ali → Chris,,Only Ali has this file
Gladiator (2000),ali,Gladiator (2000) {tmdb-98} - {edition-Extended} [Remux-2160p][DTS-X 7.1][HDR10][HEVC]-FraMeSToR.mkv,7500,,0,COPY Ali → Chris,,Only Ali has this file
Deadpool 2 (2018),ali,Deadpool 2 (2018) {tmdb-383498} - [Bluray-2160p][TrueHD Atmos 7.1][HDR10][x265]-MainFrame.mkv,7100,,0,COPY Ali → Chris,,Only Ali has this file
Ant-Man and the Wasp (2018),ali,Ant-Man and the Wasp (2018) {tmdb-363088} - [Bluray-2160p][TrueHD Atmos 7.1][DV HDR10][x265]-W4NK3R.mkv,7200,,0,COPY Ali → Chris,,Only Ali has this file
Army of the Dead (2021),ali,Army of the Dead (2021) {tmdb-503736} - [NF][WEBDL-2160p][EAC3 Atmos 5.1][DV HDR10][HEVC]-SiC.mkv,6660,,0,COPY Ali → Chris,,Only Ali has this file
Furiosa A Mad Max Saga (2024),ali,Furiosa A Mad Max Saga (2024) {tmdb-786892} - [Bluray-2160p][TrueHD Atmos 7.1][DV HDR10Plus][x265]-MainFrame.mkv,7200,,0,COPY Ali → Chris,,Only Ali has this file
Terminator 2 Judgment Day (1991),ali,Terminator 2 Judgment Day (1991) {tmdb-280} - {edition-Theatrical Cut} [Remux-2160p][DTS-HD MA 5.1][PQ][HEVC]-FraMeSToR.mkv,6800,,0,COPY Ali → Chris,,Only Ali has this file
Superman (2025),ali,Superman (2025) {tmdb-1061474} - [Bluray-2160p][TrueHD Atmos 7.1][DV HDR10Plus][x265]-SPHD.mkv,7200,,0,COPY Ali → Chris,,Only Ali has this file
Alien Romulus (2024),ali,Alien Romulus (2024) {tmdb-945961} - [Bluray-2160p][TrueHD Atmos 7.1][DV HDR10][x265]-W4NK3R.mkv,7200,,0,COPY Ali → Chris,,Only Ali has this file
Tenet (2020),ali,Tenet (2020) {tmdb-577922} - {edition-IMAX} [Bluray-2160p][DTS-HD MA 5.1][DV HDR10][x265]-SPHD.mkv,7100,,0,COPY Ali → Chris,,Only Ali has this file
Indiana Jones and the Kingdom of the Crystal Skull (2008),ali,Indiana Jones and the Kingdom of the Crystal Skull (2008) {tmdb-217} - [Bluray-2160p][TrueHD Atmos 7.1][DV HDR10][x265]-W4NK3R.mkv,7200,,0,COPY Ali → Chris,,Only Ali has this file
Top Gun (1986),ali,Top Gun (1986) {tmdb-744} - [Bluray-2160p][EAC3 7.1][DV HDR10][x265]-hallowed.mkv,6794,,0,COPY Ali → Chris,,Only Ali has this file
The Suicide Squad (2021),ali,The Suicide Squad (2021) {tmdb-436969} - [Bluray-2160p][TrueHD Atmos 7.1][DV HDR10Plus][x265]-W4NK3R.mkv,7200,,0,COPY Ali → Chris,,Only Ali has this file
Avatar (2009),ali,Avatar (2009) {tmdb-19995} - [Remux-2160p Proper][TrueHD Atmos 7.1][HDR10][HEVC]-FraMeSToR.mkv,7600,,0,COPY Ali → Chris,,Only Ali has this file
Joker (2019),ali,Joker (2019) {tmdb-475557} - [Bluray-2160p][TrueHD Atmos 7.1][HDR10][x265]-MgB.mkv,7100,,0,COPY Ali → Chris,,Only Ali has this file
Return of the Jedi (1983),ali,Return of the Jedi (1983) {tmdb-1892} - [Hybrid][Bluray-2160p][TrueHD Atmos 7.1][DV HDR10][x265]-HiDt.mkv,7200,,0,COPY Ali → Chris,,Only Ali has this file
Mission Impossible Rogue Nation (2015),ali,Mission Impossible Rogue Nation (2015) {tmdb-177677} - [Bluray-2160p][TrueHD Atmos 7.1][HDR10][x265]-HQMUX.mkv,7100,,0,COPY Ali → Chris,,Only Ali has this file
Dune Part Two (2024),ali,Dune Part Two (2024) {tmdb-693134} - [Bluray-2160p][TrueHD Atmos 7.1][DV HDR10][x265]-MainFrame.mkv,7200,,0,COPY Ali → Chris,,Only Ali has this file
Indiana Jones and the Last Crusade (1989),ali,Indiana Jones and the Last Crusade (1989) {tmdb-89} - [Remux-2160p][TrueHD Atmos 7.1][DV HDR10][HEVC]-FraMeSToR.mkv,7700,,0,COPY Ali → Chris,,Only Ali has this file
Constantine (2005),ali,Constantine (2005) {tmdb-561} - [Bluray-2160p][TrueHD Atmos 7.1][DV HDR10][x265]-MainFrame.mkv,7200,,0,COPY Ali → Chris,,Only Ali has this file
1917 (2019),ali,1917 (2019) {tmdb-530915} - [Bluray-2160p][TrueHD Atmos 7.1][HDR10][x265]-HQMUX.mkv,7100,,0,COPY Ali → Chris,,Only Ali has this file
The Hobbit The Desolation of Smaug (2013),ali,The Hobbit The Desolation of Smaug (2013) {tmdb-57158} - {edition-Extended Cut} [Remux-2160p][TrueHD Atmos 7.1][DV HDR10][HEVC]-FraMeSToR.mkv,7700,,0,COPY Ali → Chris,,Only Ali has this file
What Happened to Monday (2017),ali,What Happened to Monday (2017) {tmdb-406990} - [Bluray-2160p][TrueHD 5.1][HDR10][x265]-BEN.mkv,7050,,0,COPY Ali → Chris,,Only Ali has this file
Top Gun Maverick (2022),ali,Top Gun Maverick (2022) {tmdb-361743} - {edition-IMAX} [Bluray-2160p][TrueHD Atmos 7.1][DV HDR10Plus][x265]-MainFrame.mkv,7200,,0,COPY Ali → Chris,,Only Ali has this file
Batman Begins (2005),ali,Batman Begins (2005) {tmdb-272} - [Hybrid][Remux-2160p][DTS-HD MA 5.1][DV HDR10][HEVC]-FraMeSToR.mkv,7600,,0,COPY Ali → Chris,,Only Ali has this file
Interstellar (2014),ali,Interstellar (2014) {tmdb-157336} - {edition-IMAX} [Bluray-2160p][DTS-HD MA 5.1][DV HDR10][x265]-SPHD.mkv,7100,,0,COPY Ali → Chris,,Only Ali has this file
Godzilla x Kong The New Empire (2024),ali,Godzilla x Kong The New Empire (2024) {tmdb-823464} - [Bluray-2160p][TrueHD Atmos 7.1][DV HDR10][x265]-MainFrame.mkv,7200,,0,COPY Ali → Chris,,Only Ali has this file
War for the Planet of the Apes (2017),ali,War for the Planet of the Apes (2017) {tmdb-281338} - [Hybrid][Bluray-2160p][EAC3 Atmos 8.0][DV HDR10Plus][x265]-BiTOR.mkv,7196,,0,COPY Ali → Chris,,Only Ali has this file
Dune (2021),ali,Dune (2021) {tmdb-438631} - [Bluray-2160p Proper][TrueHD Atmos 7.1][DV HDR10Plus][x265]-W4NK3R.mkv,7200,,0,COPY Ali → Chris,,Only Ali has this file
Pacific Rim (2013),ali,Pacific Rim (2013) {tmdb-68726} - [Bluray-2160p][TrueHD Atmos 7.1][DV HDR10][x265]-MainFrame.mkv,7172,,0,COPY Ali → Chris,,Only Ali has this file
Deadpool (2016),ali,Deadpool (2016) {tmdb-293660} - [Hybrid][Bluray-2160p][TrueHD Atmos 7.1][DV HDR10][x265]-SEV.mkv,7200,,0,COPY Ali → Chris,,Only Ali has this file
Close Encounters of the Third Kind (1977),ali,Close Encounters of the Third Kind (1977) {tmdb-840} - {edition-Directors Cut} [Bluray-2160p][AC3 5.1][DV HDR10][x265]-BHDStudio.mp4,6759,,0,COPY Ali → Chris,,Only Ali has this file
Spider-Man Far From Home (2019),ali,Spider-Man Far From Home (2019) {tmdb-429617} - [Bluray-2160p][TrueHD Atmos 7.1][DV HDR10][x265]-W4NK3R.mkv,7189,,0,COPY Ali → Chris,,Only Ali has this file
Zombieland (2009),ali,Zombieland (2009) {tmdb-19908} - [Bluray-2160p][TrueHD Atmos 7.1][DV HDR10][x265]-MainFrame.mkv,7200,,0,COPY Ali → Chris,,Only Ali has this file
Red Sparrow (2018),ali,Red Sparrow (2018) {tmdb-401981} - [Bluray-2160p][TrueHD Atmos 7.1][DV HDR10][x265]-MainFrame.mkv,7200,,0,COPY Ali → Chris,,Only Ali has this file
TRON Legacy (2010),ali,TRON Legacy (2010) {tmdb-20526} - {edition-IMAX} [Bluray-2160p][TrueHD Atmos 7.1][DV HDR10][x265]-SPHD.mkv,7200,,0,COPY Ali → Chris,,Only Ali has this file
Twisters (2024),ali,Twisters (2024) {tmdb-718821} - [Bluray-2160p][TrueHD Atmos 7.1][DV HDR10Plus][x265]-SPHD.mkv,7200,,0,COPY Ali → Chris,,Only Ali has this file
Mission Impossible (1996),ali,Mission Impossible (1996) {tmdb-954} - [Bluray-2160p][TrueHD 5.1][DV HDR10][x265]-SPHD.mkv,7150,,0,COPY Ali → Chris,,Only Ali has this file
E.T. the Extra-Terrestrial (1982),ali,E.T. the Extra-Terrestrial (1982) {tmdb-601} - [Bluray-2160p][DTS-X 7.1][HDR10][x265]-CtrlHD.mkv,7000,,0,COPY Ali → Chris,,Only Ali has this file
Solo A Star Wars Story (2018),ali,Solo A Star Wars Story (2018) {tmdb-348350} - [Hybrid][Bluray-2160p][TrueHD Atmos 7.1][DV HDR10][x265]-HiDt.mkv,7200,,0,COPY Ali → Chris,,Only Ali has this file
Alien (1979),ali,Alien (1979) {tmdb-348} - {edition-Theatrical Cut} [Remux-2160p][DTS-HD MA 5.1][HDR10Plus][HEVC]-FraMeSToR.mkv,7500,,0,COPY Ali → Chris,,Only Ali has this file
Thunderbolts- (2025),ali,Thunderbolts- (2025) {tmdb-986056} - [Bluray-2160p][TrueHD Atmos 7.1][DV HDR10][x265]-D3US.mkv,7200,,0,COPY Ali → Chris,,Only Ali has this file
Warfare (2025),ali,Warfare (2025) {tmdb-1241436} - [Bluray-2160p][TrueHD Atmos 7.1][DV HDR10Plus][x265]-MainFrame.mkv,7200,,0,COPY Ali → Chris,,Only Ali has this file
Ghostbusters (1984),ali,Ghostbusters (1984) {tmdb-620} - [Remux-2160p Proper][TrueHD Atmos 7.1][DV HDR10][HEVC]-BLURANiUM.mkv,7700,,0,COPY Ali → Chris,,Only Ali has this file
Highlander (1986),chris,,0,Highlander (1986) {imdb-tt0091203} [Bluray-2160p][DV HDR10][DTS-HD MA 5.1][x265]-W4NK3R.mkv,7100,COPY Chris → Ali,,Only Chris has this file
Bumblebee (2018),chris,,0,Bumblebee (2018) {imdb-tt4701182} [Bluray-2160p][DV HDR10][TrueHD Atmos 7.1][x265]-MainFrame.mkv,7200,COPY Chris → Ali,,Only Chris has this file
Deadpool 3 (2024),chris,,0,Deadpool and Wolverine (2024) {imdb-tt6263850} [WEBDL-2160p][DV HDR10Plus][EAC3 Atmos 5.1][h265]-FLUX.mkv,6700,COPY Chris → Ali,,Only Chris has this file
Solo A Star Wars Story (2018),chris,,0,Solo A Star Wars Story (2018) {imdb-tt3778644} [Bluray-2160p Proper][HDR10][TrueHD Atmos 7.1][x265]-TnP.mkv,7100,COPY Chris → Ali,,Only Chris has this file
Aliens (1986),chris,,0,Aliens (1986) {imdb-tt0090605} {edition-Special Edition} [Bluray-2160p][DV HDR10][TrueHD Atmos 7.1][x265]-W4NK3R.mkv,7200,COPY Chris → Ali,,Only Chris has this file
Ant-Man (2015),chris,,0,Ant-Man (2015) {imdb-tt0478970} [Bluray-2160p][DV HDR10][TrueHD Atmos 7.1][x265]-W4NK3R.mkv,7178,COPY Chris → Ali,,Only Chris has this file
Oppenheimer (2023),chris,,0,Oppenheimer (2023) {imdb-tt15398776} [Bluray-2160p][DV HDR10][DTS-HD MA 5.1][x265]-MainFrame.mkv,7100,COPY Chris → Ali,,Only Chris has this file
The Batman (2022),chris,,0,The Batman (2022) {imdb-tt1877830} [Bluray-2160p][DV HDR10][TrueHD Atmos 7.1][x265]-W4NK3R.mkv,7200,COPY Chris → Ali,,Only Chris has this file
Man of Steel (2013),chris,,0,Man of Steel (2013) {imdb-tt0770828} [Bluray-2160p][DV HDR10][TrueHD Atmos 7.1][x265]-SPHD.mkv,7200,COPY Chris → Ali,,Only Chris has this file
Avatar (2009),chris,,0,Avatar (2009) {imdb-tt0499549} [Remux-2160p Proper][HDR10][TrueHD Atmos 7.1][HEVC]-FraMeSToR.mkv,7600,COPY Chris → Ali,,Only Chris has this file
Twisters (2024),chris,,0,Twisters (2024) {imdb-tt12584954} [WEBDL-2160p][DV HDR10Plus][EAC3 Atmos 5.1][h265]-FLUX.mkv,6700,COPY Chris → Ali,,Only Chris has this file
The Chronicles of Riddick (2004),chris,,0,The Chronicles of Riddick (2004) {imdb-tt0296572} {edition-Director's Cut} [Bluray-2160p][DV HDR10][DTS-HD MA 5.1][x265]-SPHD.mkv,7100,COPY Chris → Ali,,Only Chris has this file
Furiosa A Mad Max Saga (2024),ali,Furiosa A Mad Max Saga (2024) {imdb-tt12037194} [WEBDL-2160p][DV HDR10Plus][EAC3 Atmos 5.1][h265]-FLUX.mkv,6651,,0,COPY Ali → Chris,,Only Ali has this file
John Wick Chapter 4 (2022),chris,,0,John Wick Chapter 4 (2023) {imdb-tt10366206} [Bluray-2160p][DV HDR10][TrueHD Atmos 7.1][x265]-SPHD.mkv,7200,COPY Chris → Ali,,Only Chris has this file
Dune Part Two (2024),chris,,0,Dune Part Two (2024) {imdb-tt15239678} [Bluray-2160p][DV HDR10][TrueHD Atmos 7.1][x265]-MainFrame.mkv,7200,COPY Chris → Ali,,Only Chris has this file
Terminator Dark Fate (2019),chris,,0,Terminator Dark Fate (2019) {imdb-tt6450804} [Bluray-2160p Proper][DV HDR10][TrueHD Atmos 7.1][x265]-DON.mkv,7200,COPY Chris → Ali,,Only Chris has this file
Kingdom of Heaven (2005),chris,,0,Kingdom of Heaven (2005) {imdb-tt0320661} {edition-Theatrical} [WEBDL-2160p][HDR10][EAC3 5.1][h265]-SMURF.mkv,6215,COPY Chris → Ali,,Only Chris has this file
Ant-Man and the Wasp (2018),chris,,0,Ant-Man and the Wasp (2018) {imdb-tt5095030} [Bluray-2160p][DV HDR10][TrueHD Atmos 7.1][x265]-W4NK3R.mkv,7200,COPY Chris → Ali,,Only Chris has this file
Captain Marvel 2 (2022),chris,,0,The Marvels (2023) {imdb-tt10676048} [Bluray-2160p][DV HDR10][TrueHD Atmos 7.1][x265]-W4NK3R.mkv,7200,COPY Chris → Ali,,Only Chris has this file
Shazam! (2019),chris,,0,Shazam! (2019) {imdb-tt0448115} [Bluray-2160p][DV HDR10][TrueHD Atmos 7.1][x265]-W4NK3R.mkv,7200,COPY Chris → Ali,,Only Chris has this file
The Abyss (1989),chris,,0,The Abyss (1989) {imdb-tt0096754} {edition-Special Edition} [Bluray-2160p][DV HDR10][TrueHD Atmos 7.1][x265]-W4NK3R.mkv,7200,COPY Chris → Ali,,Only Chris has this file
Riddick (2013),chris,,0,Riddick (2013) {imdb-tt1411250} {edition-Director's Cut} [Bluray-2160p][DV HDR10][DTS-HD MA 5.1][x265]-SPHD.mkv,7100,COPY Chris → Ali,,Only Chris has this file
Master and Commander The Far Side of the World (2003),chris,,0,Master and Commander The Far Side of the World (2003) {imdb-tt0311113} - [Bluray-2160p][TrueHD Atmos 7.1][DV HDR10][x265]-SPHD.mkv,7200,COPY Chris → Ali,,Only Chris has this file
Mission Impossible (1996),chris,,0,Mission Impossible (1996) {imdb-tt0117060} [Bluray-2160p][DV HDR10][TrueHD 5.1][x265]-SPHD.mkv,7150,COPY Chris → Ali,,Only Chris has this file
Mortal Kombat (2021),chris,,0,Mortal Kombat (2021) {imdb-tt0293429} [Bluray-2160p][DV HDR10][TrueHD Atmos 7.1][x265]-LEGi0N.mkv,7200,COPY Chris → Ali,,Only Chris has this file
Tenet (2020),chris,,0,Tenet (2020) {imdb-tt6723592} [Bluray-2160p Proper][HDR10][DTS-HD MA 5.1][x265]-CtrlHD.mkv,7000,COPY Chris → Ali,,Only Chris has this file
Batman v Superman Dawn of Justice (2016),chris,,0,Batman v Superman Dawn of Justice (2016) {imdb-tt2975590} {edition-Ultimate Edition Imax} [Bluray-2160p][DV HDR10][TrueHD Atmos 7.1][x265]-W4NK3R.mkv,7200,COPY Chris → Ali,,Only Chris has this file
Napoleon (2023),chris,,0,Napoleon (2023) {imdb-tt13287846} {edition-Directors Cut} [ATVP][WEBDL-2160p][DV HDR10Plus][EAC3 Atmos 5.1][h265]-FLUX.mkv,6700,COPY Chris → Ali,,Only Chris has this file
Alien Romulus (2024),chris,,0,Alien Romulus (2024) {imdb-tt18412256} [WEBDL-2160p][DV HDR10Plus][EAC3 Atmos 5.1][h265]-FLUX.mkv,6700,COPY Chris → Ali,,Only Chris has this file
Ant-Man and the Wasp Quantumania (2023),chris,,0,Ant-Man and the Wasp Quantumania (2023) {imdb-tt10954600} [Bluray-2160p][DV HDR10][TrueHD Atmos 7.1][x265]-SPHD.mkv,7200,COPY Chris → Ali,,Only Chris has this file
The Mummy (1999),chris,,0,The Mummy (1999) {imdb-tt0120616} [Bluray-2160p][HDR10][DTS-X 7.1][x265]-IAMABLE.mkv,7000,COPY Chris → Ali,,Only Chris has this file
Mission Impossible Dead Reckoning Part One (2023),chris,,0,Mission Impossible Dead Reckoning Part One (2023) {imdb-tt9603212} [Bluray-2160p][DV HDR10][TrueHD Atmos 7.1][x265]-W4NK3R.mkv,7200,COPY Chris → Ali,,Only Chris has this file
Black Panther Wakanda Forever (2022),chris,,0,Black Panther Wakanda Forever (2022) {imdb-tt9114286} [Bluray-2160p][DV HDR10][EAC3 7.1][x265]-HONE.mkv,6850,COPY Chris → Ali,,Only Chris has this file
Avatar The Way of Water (2022),chris,,0,Avatar The Way of Water (2022) WEBDL-2160p.mkv,5400,COPY Chris → Ali,,Only Chris has this file
Master and Commander The Far Side of the World (2003),chris,,0,Master and Commander The Far Side of the World (2003) Remux-1080p.mkv,4300,COPY Chris → Ali,,Only Chris has this file
Captain America Civil War (2016),chris,,0,Captain America - Civil War (2016) (2160p UHD BluRay x265 DV HDR DDP 7.1 English - Weasley HONE).mkv,6400,COPY Chris → Ali,,Only Chris has this file
Bohemian Rhapsody (2018),chris,,0,Bohemian Rhapsody (2018) Remux-2160p.mkv,6400,COPY Chris → Ali,,Only Chris has this file
The Lord of the Rings The Fellowship of the Ring (2001),chris,,0,The Lord of the Rings The Fellowship of the Ring (2001) Remux-2160p.mkv,6400,COPY Chris → Ali,,Only Chris has this file
Apollo 13 (1995),chris,,0,Apollo 13 (1995) Remux-2160p.mkv,6400,COPY Chris → Ali,,Only Chris has this file
Jurassic World Dominion (2022),chris,,0,Jurassic World Dominion (2022) WEBDL-2160p.mkv,5800,COPY Chris → Ali,,Only Chris has this file
The Hunger Games (2012),chris,,0,The Hunger Games (2012) Remux-2160p.mkv,6800,COPY Chris → Ali,,Only Chris has this file
Top Gun Maverick (2022),chris,,0,Top Gun Maverick (2022) WEBDL-2160p.mkv,5800,COPY Chris → Ali,,Only Chris has this file
Spider-Man No Way Home (2021),chris,,0,Spider-Man No Way Home (2021) WEBDL-2160p.mkv,5400,COPY Chris → Ali,,Only Chris has this file
Ad Astra (2019),chris,,0,Ad Astra (2019) Remux-2160p.mkv,6800,COPY Chris → Ali,,Only Chris has this file
The Matrix Resurrections (2021),chris,,0,The Matrix Resurrections (2021) WEBDL-2160p.mkv,5792,COPY Chris → Ali,,Only Chris has this file
The Hunger Games Mockingjay - Part 2 (2015),chris,,0,The Hunger Games Mockingjay - Part 2 (2015) Remux-2160p.mkv,6800,COPY Chris → Ali,,Only Chris has this file
The Lord of the Rings The Two Towers (2002),chris,,0,The Lord of the Rings The Two Towers (2002) Remux-2160p.mkv,6400,COPY Chris → Ali,,Only Chris has this file
Jungle Cruise (2021),chris,,0,Jungle Cruise (2021) Remux-2160p.mkv,6800,COPY Chris → Ali,,Only Chris has this file
Twister (1996),chris,,0,Twister (1996) Remux-1080p.mkv,4300,COPY Chris → Ali,,Only Chris has this file
Fast & Furious 6 (2013),chris,,0,Fast & Furious 6 (2013) Remux-2160p Proper.mkv,6400,COPY Chris → Ali,,Only Chris has this file
Star Wars (1977),chris,,0,Star Wars (1977) Remux-2160p.mkv,6800,COPY Chris → Ali,,Only Chris has this file
Doctor Strange (2016),chris,,0,Doctor Strange (2016) Remux-2160p.mkv,6800,COPY Chris → Ali,,Only Chris has this file
Doctor Strange in the Multiverse of Madness (2022),chris,,0,Doctor Strange in the Multiverse of Madness (2022) WEBDL-2160p.mkv,5800,COPY Chris → Ali,,Only Chris has this file
Blade (1998),chris,,0,Blade (1998) Bluray-2160p.mkv,5900,COPY Chris → Ali,,Only Chris has this file
Captain Marvel (2019),chris,,0,Captain Marvel (2019) Remux-2160p.mkv,6400,COPY Chris → Ali,,Only Chris has this file
Star Trek V The Final Frontier (1989),chris,,0,Star Trek V The Final Frontier (1989) Bluray-2160p.mkv,5900,COPY Chris → Ali,,Only Chris has this file
Deadpool 2 (2018),chris,,0,Deadpool 2 (2018) Remux-2160p.mkv,6400,COPY Chris → Ali,,Only Chris has this file
The Hunger Games Catching Fire (2013),chris,,0,The Hunger Games Catching Fire (2013) Remux-2160p.mkv,6800,COPY Chris → Ali,,Only Chris has this file
Uncharted (2022),chris,,0,Uncharted (2022) WEBDL-2160p.mkv,5400,COPY Chris → Ali,,Only Chris has this file
The Empire Strikes Back (1980),chris,,0,The Empire Strikes Back (1980) Bluray-2160p.mkv,5900,COPY Chris → Ali,,Only Chris has this file
Shazam! Fury of the Gods (2023),chris,,0,Shazam! Fury of the Gods (2023) Remux-2160p.mkv,6800,COPY Chris → Ali,,Only Chris has this file
Total Recall (1990),chris,,0,Total Recall (1990) Remux-2160p.mkv,6800,COPY Chris → Ali,,Only Chris has this file
Independence Day (1996),chris,,0,Independence Day (1996) Remux-2160p Proper.mkv,6400,COPY Chris → Ali,,Only Chris has this file
Resident Evil Welcome to Raccoon City (2021),chris,,0,Resident Evil Welcome to Raccoon City (2021) WEBDL-2160p.mkv,5314,COPY Chris → Ali,,Only Chris has this file
The Hunger Games Mockingjay - Part 1 (2014),chris,,0,The Hunger Games Mockingjay - Part 1 (2014) Remux-2160p.mkv,6800,COPY Chris → Ali,,Only Chris has this file
Furious 7 (2015),chris,,0,Furious 7 (2015) Remux-2160p.mkv,6400,COPY Chris → Ali,,Only Chris has this file
Deadpool (2016),chris,,0,Deadpool (2016) Remux-2160p.mkv,6400,COPY Chris → Ali,,Only Chris has this file
The Outfit (2022),chris,,0,The Outfit (2022) WEBDL-2160p.mkv,5310,COPY Chris → Ali,,Only Chris has this file
Oblivion (2013),chris,,0,Oblivion (2013) Remux-2160p.mkv,6400,COPY Chris → Ali,,Only Chris has this file
Return of the Jedi (1983),chris,,0,Return of the Jedi (1983) Remux-2160p.mkv,6400,COPY Chris → Ali,,Only Chris has this file
Dune (2021),chris,,0,Dune (2021) Remux-2160p.mkv,6800,COPY Chris → Ali,,Only Chris has this file
Star Trek VI The Undiscovered Country (1991),chris,,0,Star Trek VI The Undiscovered Country (1991) Bluray-2160p.mkv,5900,COPY Chris → Ali,,Only Chris has this file
The Lord of the Rings The Return of the King (2003),chris,,0,The Lord of the Rings The Return of the King (2003) Remux-2160p.mkv,6400,COPY Chris → Ali,,Only Chris has this file
Ghostbusters Afterlife (2021),chris,,0,Ghostbusters Afterlife (2021) WEBDL-2160p.mkv,5330,COPY Chris → Ali,,Only Chris has this file
Black Adam (2022),chris,,0,Black Adam (2022) WEBDL-2160p Proper.mkv,5800,COPY Chris → Ali,,Only Chris has this file
Indiana Jones and the Last Crusade (1989),chris,,0,Indiana Jones and the Last Crusade (1989) Remux-2160p.mkv,6800,COPY Chris → Ali,,Only Chris has this file
Pirates of the Caribbean The Curse of the Black Pearl (2003),chris,,0,Pirates of the Caribbean The Curse of the Black Pearl (2003) WEBRip-2160p.mkv,5193,COPY Chris → Ali,,Only Chris has this file
Star Trek The Motion Picture (1979),chris,,0,Star Trek The Motion Picture (1979) Remux-2160p.mkv,6800,COPY Chris → Ali,,Only Chris has this file
Prey (2022),chris,,0,Prey (2022) WEBDL-2160p.mkv,5342,COPY Chris → Ali,,Only Chris has this file
Terminator 2 Judgment Day (1991),ali,Terminator 2 Judgment Day 1991 Remastered Theatrical Cut GER 2160p UHD Blu-ray Remux HEVC DTS-HD MA 5.1 - BluDragon.mkv,6750,,0,COPY Ali → Chris,,Only Ali has this file
Ghostbusters (1984),ali,Ghostbusters.1984.2160p.UHD.BluRay.REMUX.HDR.HEVC.Atmos-EPSiLON.mkv,7100,,0,COPY Ali → Chris,,Only Ali has this file
Life of Pi (2012),ali,Life.Of.Pi.2012.UHD.BluRay.2160p.DTS-HD.MA.7.1.HEVC.REMUX-FraMeSToR.mkv,6800,,0,COPY Ali → Chris,,Only Ali has this file
Apollo 13 (1995),ali,Apollo.13.1995.UHD.BluRay.2160p.DTS-X.7.1.HEVC.REMUX-FraMeSToR-Scrambled.mkv,6800,,0,COPY Ali → Chris,,Only Ali has this file
Lawrence of Arabia (1962),ali,Lawrence.of.Arabia.1962.UHD.BluRay.2160p.TrueHD.Atmos.7.1.HEVC.REMUX-FraMeSToR.mkv,6900,,0,COPY Ali → Chris,,Only Ali has this file
The Hobbit The Desolation of Smaug (2013),ali,The.Hobbit.The.Desolation.of.Smaug.2013.Extended.Cut.UHD.BluRay.2160p.TrueHD.Atmos.7.1.DV.HEVC.REMUX-FraMeSToR.mkv,7300,,0,COPY Ali → Chris,,Only Ali has this file
Jungle Cruise (2021),ali,Jungle.Cruise.2021.UHD.BluRay.2160p.DD.5.1.HDR.x265-BHDStudio.mp4,6646,,0,COPY Ali → Chris,,Only Ali has this file
300 (2006),chris,,0,300.2006.UHD.BluRay.2160p.TrueHD.Atmos.7.1.HEVC.REMUX-FraMeSToR.mkv,6900,COPY Chris → Ali,,Only Chris has this file
1917 (2019),chris,,0,1917.2019.2160p.UHD.Blu-ray.Atmos.x265 - HQMUX.mkv,5900,COPY Chris → Ali,,Only Chris has this file
2001 A Space Odyssey (1968),chris,,0,2001.A.Space.Odyssey.1968.REPACK.2160p.UHD.BluRay.REMUX.HDR.HEVC.DTS-HD.MA.5.1-EPSiLON.mkv,7500,COPY Chris → Ali,,Only Chris has this file
A Beautiful Planet (2016),chris,,0,A.Beautiful.Planet.2016.2160p.UHD.BluRay.REMUX.HDR.HEVC.DTS-X-EPSiLON.mkv,7473,COPY Chris → Ali,,Only Chris has this file
Alien (1979),chris,,0,Alien.1979.2160p.Director.Cut.UHD.HDR10+Remux.DTS-HD.MA5.1-SHD.mkv,7100,COPY Chris → Ali,,Only Chris has this file
Alien (1979),chris,,0,Alien.1979.DC.2160p.UHD.BluRay.X265-IAMABLE.mkv,5900,COPY Chris → Ali,,Only Chris has this file
Alita Battle Angel (2019),chris,,0,Alita Battle Angel 2019 REPACK 2160p UHD BluRay HDR10+ TrueHD Atmos 7.1 x265-DON.mkv,6650,COPY Chris → Ali,,Only Chris has this file
Apocalypse Now (1979),chris,,0,Apocalypse.Now.1979.Redux.2160p.UHD.BluRay.x265-JustWatch.mkv,5900,COPY Chris → Ali,,Only Chris has this file
Army of the Dead (2021),chris,,0,Army.of.the.Dead.2021.2160p.HDR.NF.WEBRip.DDP.Atmos.5.1.x265-TrollUHD-FZ.mkv,5983,COPY Chris → Ali,,Only Chris has this file
Avengers Age of Ultron (2015),chris,,0,Avengers.Age.of.Ultron.2015.2160p.UHD.BluRay.HDR.Atmos.x265-Absinth.mkv,6565,COPY Chris → Ali,,Only Chris has this file
Avengers Endgame (2019),chris,,0,Avengers.Endgame.2019.2160p.UHD.BluRay.REMUX.HDR.HEVC.Atmos-EPSiLON.mkv,7100,COPY Chris → Ali,,Only Chris has this file
Avengers Infinity War (2018),chris,,0,Avengers.Infinity.War.2018.2160p.UHD.BluRay.REMUX.HDR.HEVC.Atmos-EPSiLON.mkv,7100,COPY Chris → Ali,,Only Chris has this file
Batman Begins (2005),chris,,0,Batman.Begins.2005.2160p.UHD.BluRay.REMUX.HDR.HEVC.DTS-HD.MA.5.1-EPSiLON.mkv,7500,COPY Chris → Ali,,Only Chris has this file
Black Widow (2021),chris,,0,Black.Widow.2021.2160p.UHD.BluRay.HDR.x265.Atmos.TrueHD7.1-HDChina.mkv,7100,COPY Chris → Ali,,Only Chris has this file
Blade Runner (1982),chris,,0,Blade.Runner.1982.The.Final.Cut.2160p.UHD.BluRay.REMUX.HDR.HEVC.Atmos-EPSiLON.mkv,7100,COPY Chris → Ali,,Only Chris has this file
Braveheart (1995),chris,,0,Braveheart.1995.2160p.UHD.BluRay.X265-IAMABLE.mkv,5900,COPY Chris → Ali,,Only Chris has this file
Captain America The First Avenger (2011),chris,,0,Captain.America.The.First.Avenger.2011.2160p.UHD.BluRay.HDR.Atmos.x265-Absinth.mkv,6594,COPY Chris → Ali,,Only Chris has this file
Captain America The Winter Soldier (2014),chris,,0,Captain.America.The.Winter.Soldier.2014.UHD.BluRay.HDR10.2160p.AC-3.TrueHD.7.1.Atmos.HEVC-d3g.mkv,7050,COPY Chris → Ali,,Only Chris has this file
Close Encounters of the Third Kind (1977),chris,,0,Close.Encounters.Of.The.Third.Kind.1977.DC.2160p.BluRay.HDR10.10bit.x265.HEVC.DTS-HD.MA.5.1-PHOCiS.mkv,6946,COPY Chris → Ali,,Only Chris has this file
Dracula (1992),chris,,0,Bram Stoker's Dracula 1992 2160p UHD Blu-Ray Remux HEVC Atmos - BluDragon.mkv,6400,COPY Chris → Ali,,Only Chris has this file
Dunkirk (2017),chris,,0,Dunkirk 2017 2160p UHD BluRay HDR DTS x265-SadeceBluRay.mkv,6792,COPY Chris → Ali,,Only Chris has this file
E.T. the Extra-Terrestrial (1982),chris,,0,E.T.the.Extra-Terrestrial.1982.2160p.UHD.BluRay.x265-DEPTH.mkv,5900,COPY Chris → Ali,,Only Chris has this file
Earth One Amazing Day (2017),chris,,0,Earth.One.Amazing.Day.2017.2160p.UHD.BluRay.REMUX.HDR.HEVC.Atmos-EPSiLON.mkv,7100,COPY Chris → Ali,,Only Chris has this file
Edge of Tomorrow (2014),chris,,0,Edge of Tomorrow.2014.2160p.UHD.BluRay.HDR.DoVi.TrueHD 7.1.Atmos.x265-SPHD.mkv,6750,COPY Chris → Ali,,Only Chris has this file
Ghostbusters (1984),chris,,0,Ghostbusters.1984.2160p.UHD.BluRay.REMUX.HDR.HEVC.Atmos-EPSiLON.mkv,7100,COPY Chris → Ali,,Only Chris has this file
Gladiator (2000),chris,,0,Gladiator.2000.Extended.UHD.BluRay.2160p.DTS-X.7.1.HEVC.REMUX-FraMeSToR.mkv,6800,COPY Chris → Ali,,Only Chris has this file
Godzilla King of the Monsters (2019),chris,,0,Godzilla.King.of.the.Monsters.2019.2160p.UHD.BluRay.HDR.x265.Atmos.TrueHD7.1-HDChina.mkv,7100,COPY Chris → Ali,,Only Chris has this file
Godzilla vs. Kong (2021),chris,,0,Godzilla.vs.Kong.2021.2160p.UHD.BluRay.HDR.x265.Atmos.TrueHD7.1-HDChina.mkv,7100,COPY Chris → Ali,,Only Chris has this file
Guardians of the Galaxy (2014),chris,,0,Guardians.Of.The.Galaxy.2014.2160p.UHD.BluRay.TrueHD.7.1.HDR.x265-CtrlHD.mkv,6998,COPY Chris → Ali,,Only Chris has this file
Guardians of the Galaxy Vol. 2 (2017),chris,,0,Guardians.of.the.Galaxy.Vol.2.2017.2160p.UHD.BluRay.x265-TERMiNAL.mkv,5877,COPY Chris → Ali,,Only Chris has this file
Hacksaw Ridge (2016),chris,,0,Hacksaw.Ridge.2016.2160p.UHD.BluRay.x265-TERMiNAL.mkv,5871,COPY Chris → Ali,,Only Chris has this file
Heat (1995),chris,,0,Heat.1995.Directors.Definitive.Edition.2160p.HDR.WEB-DL.DTS-HD.MA.5.1.HEVC-BLUTONiUM.mkv,6500,COPY Chris → Ali,,Only Chris has this file
Inception (2010),chris,,0,Inception.2010.2160p.UHD.BluRay.x265-TERMiNAL.mkv,5900,COPY Chris → Ali,,Only Chris has this file
Indiana Jones and the Kingdom of the Crystal Skull (2008),chris,,0,Indiana.Jones.and.the.Kingdom.of.the.Crystal.Skull.2008.2160p.HDR.UHD.BluRay.TrueHD.7.1.Atmos.2Audio.x265-10bit-HDS.mkv,7045,COPY Chris → Ali,,Only Chris has this file
Indiana Jones and the Temple of Doom (1984),chris,,0,indiana.jones.and.the.temple.of.doom.1984.2160p.uhd.bluray.x265-seskapile.mkv,5900,COPY Chris → Ali,,Only Chris has this file
Interstellar (2014),chris,,0,Interstellar.2014.2160p.UHD.BluRay.x265-TERMiNAL.mkv,5900,COPY Chris → Ali,,Only Chris has this file
Iron Man (2008),chris,,0,Iron.Man.2008.2160p.UHD.Bluray.x265.HDR10.Atmos.TrueHD.7.1-4K4U.mkv,7072,COPY Chris → Ali,,Only Chris has this file
Iron Man 2 (2010),chris,,0,Iron.Man.2.2010.2160p.UHD.BluRay.HDR.Atmos.x265-Absinth.mkv,6599,COPY Chris → Ali,,Only Chris has this file
Iron Man 3 (2013),chris,,0,Iron.Man.3.2013.2160p.UHD.BluRay.TrueHD.7.1.HDR.x265-CtrlHD.mkv,7018,COPY Chris → Ali,,Only Chris has this file
Jaws (1975),chris,,0,Jaws.1975.UHD.BluRay.2160p.TrueHD.Atmos.7.1.HEVC.REMUX-FraMeSToR.mkv,6900,COPY Chris → Ali,,Only Chris has this file
John Wick (2014),chris,,0,John.Wick.2014.2160p.UHD.BluRay.HDR.TrueHD.Atmos.7.1.x265-Absinth.mkv,7092,COPY Chris → Ali,,Only Chris has this file
John Wick Chapter 2 (2017),chris,,0,John.Wick.Chapter.2.2017.2160p.UHD.Bluray.Remux.HDR10.HEVC.Atmos.TrueHD.7.1-4K4U.mkv,7600,COPY Chris → Ali,,Only Chris has this file
John Wick Chapter 3 Parabellum (2019),chris,,0,John.Wick.Chapter.3.Parabellum.2019.2160p.UHD.BluRay.TrueHD.7.1.HDR.x265-CtrlHD.mkv,7050,COPY Chris → Ali,,Only Chris has this file
Joker (2019),chris,,0,Joker.2019.2160p.UHD.BluRay.REMUX.HDR.HEVC.Atmos-EPSiLON.mkv,7100,COPY Chris → Ali,,Only Chris has this file
Kong Skull Island (2017),chris,,0,Kong.Skull Island.2017.2160p.UHD.BluRay.TrueHD7.1.Atmos.x265-HQMUX.mkv,6350,COPY Chris → Ali,,Only Chris has this file
Logan (2017),chris,,0,Logan.2017.2160p.UHD.BluRay.x265-TERMiNAL.mkv,5848,COPY Chris → Ali,,Only Chris has this file
Mad Max Fury Road (2015),chris,,0,Mad Max Fury Road 2015 2160p UHD Blu-ray Remux HEVC Atmos 7.1 - BluDragon.mkv,6400,COPY Chris → Ali,,Only Chris has this file
Passengers (2016),chris,,0,Passengers.2016.2160p.UHD.BluRay.REMUX.HDR.HEVC.Atmos-EPSiLON.mkv,7100,COPY Chris → Ali,,Only Chris has this file
Pitch Black (2000),chris,,0,Pitch.Black.2000.Directors.Cut.REPACK.2160p.UHD.BluRay.DTS-HD.MA.5.1.HDR.x265-CtrlHD.mkv,7000,COPY Chris → Ali,,Only Chris has this file
Raiders of the Lost Ark (1981),chris,,0,Raiders.Of.The.Lost.Ark.1981.2160p.UHD.Bluray.x265.HDR10.Atmos.TrueHD.7.1-4K4U.mkv,7065,COPY Chris → Ali,,Only Chris has this file
Ready Player One (2018),chris,,0,Ready Player One.2018.2160p.UHD.BluRay.TrueHD7.1.Atmos.x265-HQMUX.mkv,6350,COPY Chris → Ali,,Only Chris has this file
Red Sparrow (2018),chris,,0,Red.Sparrow.2018.2160p.UHD.BluRay.x265-WhiteRhino.mkv,5841,COPY Chris → Ali,,Only Chris has this file
Rocketman (2019),chris,,0,Rocketman 2019 2160p UHD Blu-ray HEVC Atmos x265 - SumVision.mkv,5887,COPY Chris → Ali,,Only Chris has this file
Saving Private Ryan (1998),chris,,0,Saving.Private.Ryan.1998.2160p.UHD.BluRay.X265-IAMABLE.mkv,5900,COPY Chris → Ali,,Only Chris has this file
Star Trek (2009),chris,,0,Star.Trek.2009.2160p.UHD.BluRay.X265-IAMABLE.mkv,5900,COPY Chris → Ali,,Only Chris has this file
Star Trek First Contact (1996),chris,,0,Star.Trek.VIII.First.Contact.1996.2160p.WEB-DL.DDP5.1.H.265-ABBiE.mkv,5403,COPY Chris → Ali,,Only Chris has this file
Star Trek Into Darkness (2013),chris,,0,Star.Trek.Into.Darkness.2013.2160p.UHD.BluRay.REMUX.HDR.HEVC.Atmos-EPSiLON.mkv,7100,COPY Chris → Ali,,Only Chris has this file
The Avengers (2012),chris,,0,The.Avengers.2012.REPACK.2160p.UHD.BluRay.REMUX.HDR.HEVC.Atmos-EPSiLON.mkv,7100,COPY Chris → Ali,,Only Chris has this file
The Dark Knight (2008),chris,,0,The Dark Knight 2008 2160p UHD Blu-ray Remux HEVC DTS-HD MA 5.1 - BluDragon.mkv,6750,COPY Chris → Ali,,Only Chris has this file
The Dark Knight Rises (2012),chris,,0,The Dark Knight Rises 2012 2160p UHD Blu-ray Remux HEVC DTS-HD MA 5.1 - BluDragon.mkv,6750,COPY Chris → Ali,,Only Chris has this file
The Hobbit An Unexpected Journey (2012),chris,,0,The.Hobbit.An.Unexpected.Journey.2012.Extended.Cut.UHD.BluRay.2160p.TrueHD.Atmos.7.1.DV.HEVC.REMUX-FraMeSToR.mkv,7300,COPY Chris → Ali,,Only Chris has this file
The Hobbit The Battle of the Five Armies (2014),chris,,0,The.Hobbit.The.Battle.of.the.Five.Armies.2014.Extended.Cut.UHD.BluRay.2160p.TrueHD.Atmos.7.1.DV.HEVC.REMUX-FraMeSToR.mkv,7300,COPY Chris → Ali,,Only Chris has this file
The Hobbit The Desolation of Smaug (2013),chris,,0,The.Hobbit.The.Desolation.of.Smaug.2013.Extended.Cut.UHD.BluRay.2160p.TrueHD.Atmos.7.1.DV.HEVC.REMUX-FraMeSToR.mkv,7300,COPY Chris → Ali,,Only Chris has this file
The Hunt for Red October (1990),chris,,0,The Hunt for Red October.1990.2160p.UHD.BluRay.TrueHD5.1.x265-HQMUX.mkv,6350,COPY Chris → Ali,,Only Chris has this file
The Martian (2015),chris,,0,The.Martian.2015.EXTENDED.2160p.BluRay.x265.10bit.HDR.TrueHD.7.1.Atmos-TERMiNAL.mkv,7050,COPY Chris → Ali,,Only Chris has this file
The Matrix (1999),chris,,0,The.Matrix.1999.UHD.BluRay.2160p.TrueHD.Atmos.7.1.HEVC.REMUX-FraMeSToR.mkv,6900,COPY Chris → Ali,,Only Chris has this file
The Matrix Reloaded (2003),chris,,0,The.Matrix.Reloaded.2003.2160p.UHD.BluRay.TrueHD.7.1.HDR.x265-CtrlHD.mkv,7050,COPY Chris → Ali,,Only Chris has this file
The Matrix Revolutions (2003),chris,,0,The.Matrix-Revolutions.2003.UHD.BluRay.HDR.10Bit.2160p.DD.5.1.H265-d3g.mkv,6700,COPY Chris → Ali,,Only Chris has this file
The Predator (2018),chris,,0,The Predator 2018 2160p UHD Blu-ray Remux HEVC Atmos 7.1 - BluDragon.mkv,6400,COPY Chris → Ali,,Only Chris has this file
The Revenant (2015),chris,,0,The.Revenant.2015.UHD.BluRay.2160p.DTS-HD.MA.7.1.HEVC.REMUX-FraMeSToR-AsRequested.mkv,6800,COPY Chris → Ali,,Only Chris has this file
Thor Ragnarok (2017),chris,,0,Thor Ragnarok 2017 2160p UHD HDR10+ BluRay x265 TrueHD Atmos 7 1-UnKn0wn.mkv,6650,COPY Chris → Ali,,Only Chris has this file
Top Gun (1986),chris,,0,Top Gun 1986 2160p UHD DV HDR10 BluRay SL TrueHD Atmos7 1 H265-SHD.mkv,7150,COPY Chris → Ali,,Only Chris has this file
V for Vendetta (2005),chris,,0,V.for.Vendetta.2005.UHD.BluRay.2160p.TrueHD.Atmos.7.1.HEVC.REMUX-FraMeSToR.mkv,6900,COPY Chris → Ali,,Only Chris has this file
War for the Planet of the Apes (2017),chris,,0,War.for.the.Planet.of.the.Apes.2017.2160p.UHD.BluRay.HDR.Atmos.x265-Absinth.mkv,6600,COPY Chris → Ali,,Only Chris has this file
Wonder Woman (2017),chris,,0,Wonder.Woman.2017.2160p.UHD.BluRay.TrueHD.7.1.HDR.x265-CtrlHD.mkv,7050,COPY Chris → Ali,,Only Chris has this file
Wonder Woman 1984 (2020),chris,,0,Wonder.Woman.1984.2020.2160p.HMAX.WEB-DL.DDP5.1.Atmos.HDR.HEVC-TOMMY.mkv,6197,COPY Chris → Ali,,Only Chris has this file
Zombieland (2009),chris,,0,Zombieland.2009.2160p.UHD.BluRay.X265-IAMABLE.mkv,5840,COPY Chris → Ali,,Only Chris has this file
Jurassic Park (1993),chris,,0,Jurassic.Park.1993.UHD.BluRay.2160p.DD.5.1.HDR.x265-BHDStudio.mp4,6644,COPY Chris → Ali,,Only Chris has this file
Pacific Rim (2013),chris,,0,Pacific.Rim.2013.UHD.BluRay.2160p.DD.5.1.HDR.x265-BHDStudio.mp4,6651,COPY Chris → Ali,,Only Chris has this file
Star Trek II The Wrath of Khan (1982),chris,,0,Star.Trek.II.The.Wrath.of.Khan.1982.Director's.Cut.UHD.BluRay.2160p.DD.5.1.HDR.x265-BHDStudio.mp4,6634,COPY Chris → Ali,,Only Chris has this file
Star Trek III The Search for Spock (1984),chris,,0,Star.Trek.III.The.Search.for.Spock.1984.UHD.BluRay.2160p.DD.5.1.HDR.x265-BHDStudio.mp4,6621,COPY Chris → Ali,,Only Chris has this file
Star Trek IV The Voyage Home (1986),chris,,0,Star.Trek.IV.The.Voyage.Home.1986.UHD.BluRay.2160p.DD.5.1.HDR.x265-BHDStudio.mp4,6637,COPY Chris → Ali,,Only Chris has this file
The Lost World Jurassic Park (1997),chris,,0,The.Lost.World.Jurassic.Park.1997.UHD.BluRay.2160p.DD.5.1.HDR.x265-BHDStudio.mp4,6648,COPY Chris → Ali,,Only Chris has this file
The Suicide Squad (2021),chris,,0,The.Suicide.Squad.2021.UHD.BluRay.2160p.DD.5.1.HDR.x265-BHDStudio.mp4,6653,COPY Chris → Ali,,Only Chris has this file
